OID,Name,Type,Description,Expression Context,Expression Code,Document,Pages,Rule
MT_TRTP_GSKADaMG_OCCDSMDE1,TRTP,Computation,Refer to the referenced rules for a description,,,,,RULE_TRTP_GSKCOREDRVR1
MT_TRTA_GSKADaMG_OCCDSMDE1,TRTA,Computation,Refer to the referenced rules for a description,,,,,RULE_TRTA_GSKCOREDRVR1
MT_TPERIOD_GSKADaMG_OCCDSMDE1,TPERIOD,Computation,Refer to the referenced rules for a description,,,,,RULE_TPERIOD_GSKCOREDRVR1
MT_APERIOD_GSKADaMG_OCCDSMDE1,APERIOD,Computation,Refer to the referenced rules for a description,,,,,RULE_APERIOD_GSKCOREDRVR1
MT_TPERSTDY_GSKADaMG_OCCDSMDE1,TPERSTDY,Computation,Refer to the referenced rules for a description,,,,,RULE_TPERSTDY_GSKCOREDRVR1
MT_TPERENDY_GSKADaMG_OCCDSMDE1,TPERENDY,Computation,Refer to the referenced rules for a description,,,,,RULE_TPERENDY_GSKCOREDRVR1
MT_ASTDT_GSKADaMG_OCCDSMDE1,ASTDT,Computation,Refer to the referenced rules for a description,,,,,RULE_ASTDT_GSKCOREDRVR1
MT_ASTTM_GSKADaMG_OCCDSMDE1,ASTTM,Computation,Refer to the referenced rules for a description,,,,,RULE_ASTTM_GSKCOREDRVR1
MT_ASTDTM_GSKADaMG_OCCDSMDE1,ASTDTM,Computation,Refer to the referenced rules for a description,,,,,RULE_ASTDTM_GSKCOREDRVR1
MT_ASTDY_GSKADaMG_OCCDSMDE1,ASTDY,Computation,Refer to the referenced rules for a description,,,,,RULE_ASTDY_GSKCOREDRVR1
MT_AENDT_GSKADaMG_OCCDSMDE1,AENDT,Computation,Refer to the referenced rules for a description,,,,,RULE_AENDT_GSKCOREDRVR1
MT_AENTM_GSKADaMG_OCCDSMDE1,AENTM,Computation,Refer to the referenced rules for a description,,,,,RULE_AENTM_GSKCOREDRVR1
MT_AENDTM_GSKADaMG_OCCDSMDE1,AENDTM,Computation,Refer to the referenced rules for a description,,,,,RULE_AENDTM_GSKCOREDRVR1
MT_AENDY_GSKADaMG_OCCDSMDE1,AENDY,Computation,Refer to the referenced rules for a description,,,,,RULE_AENDY_GSKCOREDRVR1
MT_TRTP_GSKADaMG_BDSMDE1,TRTP,Computation,Refer to the referenced rules for a description,,,,,RULE_TRTP_GSKCOREDRVR1
MT_TRTA_GSKADaMG_BDSMDE1,TRTA,Computation,Refer to the referenced rules for a description,,,,,RULE_TRTA_GSKCOREDRVR1
MT_APHASE_GSKADaMG_BDSMDE1,APHASE,Computation,Refer to the referenced rules for a description,,,,,RULE_APHASE_GSKCOREDRVR1
MT_CHGCA1CD_GSKADaMG_BDSMDE1,CHGCA1CD,Computation,Refer to the referenced rules for a description,,,,,RULE_CHGCA1CD_GSKCOREDRVR1
MT_APERIOD_GSKADaMG_BDSMDE1,APERIOD,Computation,Refer to the referenced rules for a description,,,,,RULE_APERIOD_GSKCOREDRVR1
MT_APERADY_GSKADaMG_BDSMDE1,APERADY,Computation,Refer to the referenced rules for a description,,,,,RULE_APERADY_GSKCOREDRVR1
MT_ADT_GSKADaMG_BDSMDE1,ADT,Computation,Refer to the referenced rules for a description,,,,,RULE_ADT_GSKCOREDRVR1
MT_ATM_GSKADaMG_BDSMDE1,ATM,Computation,Refer to the referenced rules for a description,,,,,RULE_ATM_GSKCOREDRVR1
MT_ADTM_GSKADaMG_BDSMDE1,ADTM,Computation,Refer to the referenced rules for a description,,,,,RULE_ADTM_GSKCOREDRVR1
MT_ADY_GSKADaMG_BDSMDE1,ADY,Computation,Refer to the referenced rules for a description,,,,,RULE_ADY_GSKCOREDRVR1
MT_ASTDT_GSKADaMG_BDSMDE1,ASTDT,Computation,Refer to the referenced rules for a description,,,,,RULE_ASTDT_GSKCOREDRVR1
MT_ASTTM_GSKADaMG_BDSMDE1,ASTTM,Computation,Refer to the referenced rules for a description,,,,,RULE_ASTTM_GSKCOREDRVR1
MT_ASTDTM_GSKADaMG_BDSMDE1,ASTDTM,Computation,Refer to the referenced rules for a description,,,,,RULE_ASTDTM_GSKCOREDRVR1
MT_ASTDY_GSKADaMG_BDSMDE1,ASTDY,Computation,Refer to the referenced rules for a description,,,,,RULE_ASTDY_GSKCOREDRVR1
MT_AENDT_GSKADaMG_BDSMDE1,AENDT,Computation,Refer to the referenced rules for a description,,,,,RULE_AENDT_GSKCOREDRVR1
MT_AENTM_GSKADaMG_BDSMDE1,AENTM,Computation,Refer to the referenced rules for a description,,,,,RULE_AENTM_GSKCOREDRVR1
MT_AENDTM_GSKADaMG_BDSMDE1,AENDTM,Computation,Refer to the referenced rules for a description,,,,,RULE_AENDTM_GSKCOREDRVR1
MT_AENDY_GSKADaMG_BDSMDE1,AENDY,Computation,Refer to the referenced rules for a description,,,,,RULE_AENDY_GSKCOREDRVR1
MT_CHG_GSKADaMG_BDSMDE1,CHG,Computation,Refer to the referenced rules for a description,,,,,RULE_CHG_GSKCOREDRVR1
MT_PCHG_GSKADaMG_BDSMDE1,PCHG,Computation,Refer to the referenced rules for a description,,,,,RULE_PCHG_GSKCOREDRVR1
MT_ASEQ_GSKADaMG_BDSMDE1,ASEQ,Computation,Refer to the referenced rules for a description,,,,,RULE_ASEQ_GSKCOREDRVR1
MT_ASPER_GSKADaMG_BDSMDE1,ASPER,Computation,Refer to the referenced rules for a description,,,,,RULE_ASPER_GSKCOREDRVR1
MT_TRTP_GSKADaMADVSMDE1,TRTP,Computation,Refer to the referenced rules for a description,,,,,RULE_TRTP_GSKCOREDRVR1
MT_TRTA_GSKADaMADVSMDE1,TRTA,Computation,Refer to the referenced rules for a description,,,,,RULE_TRTA_GSKCOREDRVR1
MT_APHASE_GSKADaMADVSMDE1,APHASE,Computation,Refer to the referenced rules for a description,,,,,RULE_APHASE_GSKCOREDRVR1
MT_ANRINDCD_GSKADaMADVSMDE1,ADVS_ANRINDCD,Computation,Refer to the referenced rules for a description,,,,,RULE_ADVS_ANRINDCD_GSKCOREDRVR1
MT_B2IND_GSKADaMADVSMDE1,B2IND,Computation,Refer to the referenced rules for a description,,,,,RULE_B2IND_GSKCOREDRVR1
MT_APERIOD_GSKADaMADVSMDE1,APERIOD,Computation,Refer to the referenced rules for a description,,,,,RULE_APERIOD_GSKCOREDRVR1
MT_APERADY_GSKADaMADVSMDE1,APERADY,Computation,Refer to the referenced rules for a description,,,,,RULE_APERADY_GSKCOREDRVR1
MT_ADT_GSKADaMADVSMDE1,ADT,Computation,Refer to the referenced rules for a description,,,,,RULE_ADT_GSKCOREDRVR1
MT_ATM_GSKADaMADVSMDE1,ATM,Computation,Refer to the referenced rules for a description,,,,,RULE_ATM_GSKCOREDRVR1
MT_ADTM_GSKADaMADVSMDE1,ADTM,Computation,Refer to the referenced rules for a description,,,,,RULE_ADTM_GSKCOREDRVR1
MT_ADY_GSKADaMADVSMDE1,ADY,Computation,Refer to the referenced rules for a description,,,,,RULE_ADY_GSKCOREDRVR1
MT_ASPER_GSKADaMADVSMDE1,ASPER,Computation,Refer to the referenced rules for a description,,,,,RULE_ASPER_GSKCOREDRVR1
MT_BASE_GSKADaMADVSMDE1,BASE,Computation,Refer to the referenced rules for a description,,,,,RULE_BASE_GSKCOREDRVR1
MT_CHG_GSKADaMADVSMDE1,CHG,Computation,Refer to the referenced rules for a description,,,,,RULE_CHG_GSKCOREDRVR1
MT_ASEQ_GSKADaMADVSMDE1,ASEQ,Computation,Refer to the referenced rules for a description,,,,,RULE_ASEQ_GSKCOREDRVR1
MT_SHIFT2N_GSKADaMADVSMDE1,ADVS_SHIFT2N,Computation,Refer to the referenced rules for a description,,,,,RULE_ADVS_SHIFT2N_GSKCOREDRVR1
MT_SHIFT1N_GSKADaMADVSMDE1,ADVS_SHIFT1N,Computation,Refer to the referenced rules for a description,,,,,RULE_ADVS_SHIFT1N_GSKCOREDRVR1
MT_SHIFT3N_GSKADaMADVSMDE1,ADVS_SHIFT3N,Computation,Refer to the referenced rules for a description,,,,,RULE_ADVS_SHIFT3N_GSKCOREDRVR1
MT_SHIFT4N_GSKADaMADVSMDE1,ADVS_SHIFT4N,Computation,Refer to the referenced rules for a description,,,,,RULE_ADVS_SHIFT4N_GSKCOREDRVR1
MT_B1IND_GSKADaMADVSMDE1,B1IND,Computation,Refer to the referenced rules for a description,,,,,RULE_B1IND_GSKCOREDRVR1
MT_ABLFL_GSKADaMADVSMDE1,ABLFL,Computation,Refer to the referenced rules for a description,,,,,RULE_ABLFL_GSKCOREDRVR1
MT_APBLFL_GSKADaMADVSMDE1,APBLFL,Computation,Refer to the referenced rules for a description,,,,,RULE_APBLFL_GSKCOREDRVR1
MT_ANL61FL_GSKADaMADVSMDE1,ANL61FL,Computation,Refer to the referenced rules for a description,,,,,RULE_ANL61FL_GSKCOREDRVR1
MT_ANL62FL_GSKADaMADVSMDE1,ANL62FL,Computation,Refer to the referenced rules for a description,,,,,RULE_ANL62FL_GSKCOREDRVR1
MT_ANL63FL_GSKADaMADVSMDE1,ANL63FL,Computation,Refer to the referenced rules for a description,,,,,RULE_ANL63FL_GSKCOREDRVR1
MT_ANL71FL_GSKADaMADVSMDE1,ANL71FL,Computation,Refer to the referenced rules for a description,,,,,RULE_ANL71FL_GSKCOREDRVR1
MT_ANL72FL_GSKADaMADVSMDE1,ANL72FL,Computation,Refer to the referenced rules for a description,,,,,RULE_ANL72FL_GSKCOREDRVR1
MT_ANL81FL_GSKADaMADVSMDE1,ANL81FL,Computation,Refer to the referenced rules for a description,,,,,RULE_ANL81FL_GSKCOREDRVR1
MT_A1INDCD_GSKADaMADVSMDE1,A1INDCD,Computation,Refer to the referenced rules for a description,,,,,RULE_A1INDCD_GSKCOREDRVR1
MT_CHGCA1CD_GSKADaMADVSMDE1,ADVS_CHGCA1CD,Computation,Refer to the referenced rules for a description,,,,,RULE_ADVS_CHGCA1CD_GSKCOREDRVR1
MT_ATOXGR_GSKADaMADVSMDE1,ADVS_ATOXGR,Computation,Refer to the referenced rules for a description,,,,,RULE_ADVS_ATOXGR_GSKCOREDRVR1
MT_BTOXGR_GSKADaMADVSMDE1,ADVS_BTOXGR,Computation,Refer to the referenced rules for a description,,,,,RULE_ADVS_BTOXGR_GSKCOREDRVR1
MT_DTHDTF_GSKADaMADSLMDE1,DTHDTF,Computation,Refer to the referenced rules for a description,,,,,RULE_DTHDTF_GSKCOREDRVR1
MT_ARACEDET_GSKADaMADSLMDE1,ARACEDET,Computation,Refer to the referenced rules for a description,,,,,RULE_ARACEDET_GSKCOREDRVR1
MT_HBVBL_GSKADaMADSLMDE1,HBVBL,Computation,Refer to the referenced rules for a description,,,,,RULE_HBVBL_GSKANTI-VIRALSDRVR1
MT_HCVBL_GSKADaMADSLMDE1,HCVBL,Computation,Refer to the referenced rules for a description,,,,,RULE_HCVBL_GSKANTI-VIRALSDRVR1
MT_HBCVBL_GSKADaMADSLMDE1,HBCVBL,Computation,Refer to the referenced rules for a description,,,,,RULE_HBCVBL_GSKANTI-VIRALSDRVR1
MT_ASTRATUM_GSKADaMADSLMDE1,ASTRATUM,Computation,Refer to the referenced rules for a description,,,,,RULE_ASTRATUM_GSKANTI-VIRALSDRVR1
MT_REGION1_GSKADaMADSLMDE1,REGION1,Computation,Refer to the referenced rules for a description,,,,,RULE_REGION1_GSKCORE-VXDRVR1
MT_SITEINV_GSKADaMADSLMDE1,SITEINV,Computation,Refer to the referenced rules for a description,,,,,RULE_SITEINV_GSKCORE-VXDRVR1
MT_AAGE1U_GSKADaMADSLMDE1,AAGE1U,Computation,Refer to the referenced rules for a description,,,,,RULE_AAGE1U_GSKCOREDRVR1
MT_AAGE2U_GSKADaMADSLMDE1,AAGE2U,Computation,Refer to the referenced rules for a description,,,,,RULE_AAGE2U_GSKCOREDRVR1
MT_VLL10BL_GSKADaMADSLMDE1,VLL10BL,Computation,Refer to the referenced rules for a description,,,,,RULE_VLL10BL_GSKANTI-VIRALSDRVR1
MT_VLL10SC_GSKADaMADSLMDE1,VLL10SC,Computation,Refer to the referenced rules for a description,,,,,RULE_VLL10SC_GSKANTI-VIRALSDRVR1
MT_CD4L10BL_GSKADaMADSLMDE1,CD4L10BL,Computation,Refer to the referenced rules for a description,,,,,RULE_CD4L10BL_GSKANTI-VIRALSDRVR1
MT_CD4PCTBL_GSKADaMADSLMDE1,CD4PCTBL,Computation,Refer to the referenced rules for a description,,,,,RULE_CD4PCTBL_GSKANTI-VIRALSDRVR1
MT_CD4CD8BL_GSKADaMADSLMDE1,CD4CD8BL,Computation,Refer to the referenced rules for a description,,,,,RULE_CD4CD8BL_GSKANTI-VIRALSDRVR1
MT_TR01PG1N_GSKADaMADSLMDE1,TR01PG1N,Computation,Refer to the referenced rules for a description,,,,,RULE_TR01PG1N_GSKCOREDRVR1
MT_TR01AG1N_GSKADaMADSLMDE1,TR01AG1N,Computation,Refer to the referenced rules for a description,,,,,RULE_TR01AG1N_GSKCOREDRVR1
MT_TR01SDT_GSKADaMADSLMDE1,TR01SDT,Computation,Refer to the referenced rules for a description,,,,,RULE_TR01SDT_GSKCOREDRVR1
MT_TR01STM_GSKADaMADSLMDE1,TR01STM,Computation,Refer to the referenced rules for a description,,,,,RULE_TR01STM_GSKCOREDRVR1
MT_TR01SDTM_GSKADaMADSLMDE1,TR01SDTM,Computation,Refer to the referenced rules for a description,,,,,RULE_TR01SDTM_GSKCOREDRVR1
MT_TR01EDT_GSKADaMADSLMDE1,TR01EDT,Computation,Refer to the referenced rules for a description,,,,,RULE_TR01EDT_GSKCOREDRVR1
MT_TR01ETM_GSKADaMADSLMDE1,TR01ETM,Computation,Refer to the referenced rules for a description,,,,,RULE_TR01ETM_GSKCOREDRVR1
MT_TR01EDTM_GSKADaMADSLMDE1,TR01EDTM,Computation,Refer to the referenced rules for a description,,,,,RULE_TR01EDTM_GSKCOREDRVR1
MT_AP01SDT_GSKADaMADSLMDE1,AP01SDT,Computation,Refer to the referenced rules for a description,,,,,RULE_AP01SDT_GSKCOREDRVR1
MT_AP01STM_GSKADaMADSLMDE1,AP01STM,Computation,Refer to the referenced rules for a description,,,,,RULE_AP01STM_GSKCOREDRVR1
MT_AP01SDTM_GSKADaMADSLMDE1,AP01SDTM,Computation,Refer to the referenced rules for a description,,,,,RULE_AP01SDTM_GSKCOREDRVR1
MT_AP01EDT_GSKADaMADSLMDE1,AP01EDT,Computation,Refer to the referenced rules for a description,,,,,RULE_AP01EDT_GSKCOREDRVR1
MT_AP01ETM_GSKADaMADSLMDE1,AP01ETM,Computation,Refer to the referenced rules for a description,,,,,RULE_AP01ETM_GSKCOREDRVR1
MT_AP01EDTM_GSKADaMADSLMDE1,AP01EDTM,Computation,Refer to the referenced rules for a description,,,,,RULE_AP01EDTM_GSKCOREDRVR1
MT_PH1SDT_GSKADaMADSLMDE1,PH1SDT,Computation,Refer to the referenced rules for a description,,,,,RULE_PH1SDT_GSKCOREDRVR1
MT_PH1STM_GSKADaMADSLMDE1,PH1STM,Computation,Refer to the referenced rules for a description,,,,,RULE_PH1STM_GSKCOREDRVR1
MT_PH1SDTM_GSKADaMADSLMDE1,PH1SDTM,Computation,Refer to the referenced rules for a description,,,,,RULE_PH1SDTM_GSKCOREDRVR1
MT_PH1EDT_GSKADaMADSLMDE1,PH1EDT,Computation,Refer to the referenced rules for a description,,,,,RULE_PH1EDT_GSKCOREDRVR1
MT_PH1ETM_GSKADaMADSLMDE1,PH1ETM,Computation,Refer to the referenced rules for a description,,,,,RULE_PH1ETM_GSKCOREDRVR1
MT_PH1EDTM_GSKADaMADSLMDE1,PH1EDTM,Computation,Refer to the referenced rules for a description,,,,,RULE_PH1EDTM_GSKCOREDRVR1
MT_RANDDT_GSKADaMADSLMDE1,RANDDT,Computation,Refer to the referenced rules for a description,,,,,RULE_RANDDT_GSKCOREDRVR1
MT_TRTSDT_GSKADaMADSLMDE1,TRTSDT,Computation,Refer to the referenced rules for a description,,,,,RULE_TRTSDT_GSKCOREDRVR1
MT_TRTSTM_GSKADaMADSLMDE1,TRTSTM,Computation,Refer to the referenced rules for a description,,,,,RULE_TRTSTM_GSKCOREDRVR1
MT_TRTSDTM_GSKADaMADSLMDE1,TRTSDTM,Computation,Refer to the referenced rules for a description,,,,,RULE_TRTSDTM_GSKCOREDRVR1
MT_TRTEDT_GSKADaMADSLMDE1,TRTEDT,Computation,Refer to the referenced rules for a description,,,,,RULE_TRTEDT_GSKCOREDRVR1
MT_TRTETM_GSKADaMADSLMDE1,TRTETM,Computation,Refer to the referenced rules for a description,,,,,RULE_TRTETM_GSKCOREDRVR1
MT_TRTEDTM_GSKADaMADSLMDE1,TRTEDTM,Computation,Refer to the referenced rules for a description,,,,,RULE_TRTEDTM_GSKCOREDRVR1
MT_DTHDT_GSKADaMADSLMDE1,DTHDT,Computation,Refer to the referenced rules for a description,,,,,RULE_DTHDT_GSKCOREDRVR1
MT_SCRDT_GSKADaMADSLMDE1,SCRDT,Computation,Refer to the referenced rules for a description,,,,,RULE_SCRDT_GSKCOREDRVR1
MT_FSTCTDT_GSKADaMADSLMDE1,FSTCTDT,Computation,Refer to the referenced rules for a description,,,,,RULE_FSTCTDT_GSKCOREDRVR1
MT_LSTCTDT_GSKADaMADSLMDE1,LSTCTDT,Computation,Refer to the referenced rules for a description,,,,,RULE_LSTCTDT_GSKCOREDRVR1
MT_BRTHDT_GSKADaMADSLMDE1,BRTHDT,Computation,Refer to the referenced rules for a description,,,,,RULE_BRTHDT_GSKCOREDRVR1
MT_VLBL_GSKADaMADSLMDE1,VLBL,Computation,Refer to the referenced rules for a description,,,,,RULE_VLBL_GSKANTI-VIRALSDRVR1
MT_VLSC_GSKADaMADSLMDE1,VLSC,Computation,Refer to the referenced rules for a description,,,,,RULE_VLSC_GSKANTI-VIRALSDRVR1
MT_CD4BL_GSKADaMADSLMDE1,CD4BL,Computation,Refer to the referenced rules for a description,,,,,RULE_CD4BL_GSKANTI-VIRALSDRVR1
MT_CD4SC_GSKADaMADSLMDE1,CD4SC,Computation,Refer to the referenced rules for a description,,,,,RULE_CD4SC_GSKANTI-VIRALSDRVR1
MT_HBVDT_GSKADaMADSLMDE1,HBVDT,Computation,Refer to the referenced rules for a description,,,,,RULE_HBVDT_GSKANTI-VIRALSDRVR1
MT_HBVCODT_GSKADaMADSLMDE1,HBVCODT,Computation,Refer to the referenced rules for a description,,,,,RULE_HBVCODT_GSKANTI-VIRALSDRVR1
MT_HCVDT_GSKADaMADSLMDE1,HCVDT,Computation,Refer to the referenced rules for a description,,,,,RULE_HCVDT_GSKANTI-VIRALSDRVR1
MT_HCVCODT_GSKADaMADSLMDE1,HCVCODT,Computation,Refer to the referenced rules for a description,,,,,RULE_HCVCODT_GSKANTI-VIRALSDRVR1
MT_AAGE1_GSKADaMADSLMDE1,AAGE1,Computation,Refer to the referenced rules for a description,,,,,RULE_AAGE1_GSKCOREDRVR1
MT_AAGE2_GSKADaMADSLMDE1,AAGE2,Computation,Refer to the referenced rules for a description,,,,,RULE_AAGE2_GSKCOREDRVR1
MT_RFICDT_GSKADaMADSLMDE1,RFICDT,Computation,Refer to the referenced rules for a description,,,,,RULE_RFICDT_GSKCORE-VXDRVR1
MT_RFPENDT_GSKADaMADSLMDE1,RFPENDT,Computation,Refer to the referenced rules for a description,,,,,RULE_RFPENDT_GSKCORE-VXDRVR1
MT_ARACE_GSKADaMADSLMDE1,ARACE,Computation,Refer to the referenced rules for a description,,,,,RULE_ARACE_GSKCOREDRVR1
MT_AGEGR2_GSKADaMADSLMDE1,AGEGR2,Computation,Refer to the referenced rules for a description,,,,,RULE_AGEGR2_GSKCOREDRVR1
MT_TR01SDTF_GSKADaMADSLMDE1,TR01SDTF,Computation,Refer to the referenced rules for a description,,,,,RULE_TR01SDTF_GSKCOREDRVR1
MT_TR01EDTF_GSKADaMADSLMDE1,TR01EDTF,Computation,Refer to the referenced rules for a description,,,,,RULE_TR01EDTF_GSKCOREDRVR1
MT_AP01SDTF_GSKADaMADSLMDE1,AP01SDTF,Computation,Refer to the referenced rules for a description,,,,,RULE_AP01SDTF_GSKCOREDRVR1
MT_AP01EDTF_GSKADaMADSLMDE1,AP01EDTF,Computation,Refer to the referenced rules for a description,,,,,RULE_AP01EDTF_GSKCOREDRVR1
MT_TRTSDTF_GSKADaMADSLMDE1,TRTSDTF,Computation,Refer to the referenced rules for a description,,,,,RULE_TRTSDTF_GSKCOREDRVR1
MT_TRTEDTF_GSKADaMADSLMDE1,TRTEDTF,Computation,Refer to the referenced rules for a description,,,,,RULE_TRTEDTF_GSKCOREDRVR1
MT_BRTHDTF_GSKADaMADSLMDE1,BRTHDTF,Computation,Refer to the referenced rules for a description,,,,,RULE_BRTHDTF_GSKCOREDRVR1
MT_RFPENDTF_GSKADaMADSLMDE1,RFPENDTF,Computation,Refer to the referenced rules for a description,,,,,RULE_RFPENDTF_GSKCORE-VXDRVR1
MT_DTHWLTF_GSKADaMADSLMDE1,DTHWLTF,Computation,Refer to the referenced rules for a description,,,,,RULE_DTHWLTF_GSKCOREDRVR1
MT_DTHALTF_GSKADaMADSLMDE1,DTHALTF,Computation,Refer to the referenced rules for a description,,,,,RULE_DTHALTF_GSKCOREDRVR1
MT_DTHWFTF_GSKADaMADSLMDE1,DTHWFTF,Computation,Refer to the referenced rules for a description,,,,,RULE_DTHWFTF_GSKONCOLOGYDRVR1
MT_TR01STMF_GSKADaMADSLMDE1,TR01STMF,Computation,Refer to the referenced rules for a description,,,,,RULE_TR01STMF_GSKCOREDRVR1
MT_TR01ETMF_GSKADaMADSLMDE1,TR01ETMF,Computation,Refer to the referenced rules for a description,,,,,RULE_TR01ETMF_GSKCOREDRVR1
MT_AP01STMF_GSKADaMADSLMDE1,AP01STMF,Computation,Refer to the referenced rules for a description,,,,,RULE_AP01STMF_GSKCOREDRVR1
MT_AP01ETMF_GSKADaMADSLMDE1,AP01ETMF,Computation,Refer to the referenced rules for a description,,,,,RULE_AP01ETMF_GSKCOREDRVR1
MT_TRTSTMF_GSKADaMADSLMDE1,TRTSTMF,Computation,Refer to the referenced rules for a description,,,,,RULE_TRTSTMF_GSKCOREDRVR1
MT_TRTETMF_GSKADaMADSLMDE1,TRTETMF,Computation,Refer to the referenced rules for a description,,,,,RULE_TRTETMF_GSKCOREDRVR1
MT_TRTP_GSKADaMADLBMDE1,TRTP,Computation,Refer to the referenced rules for a description,,,,,RULE_TRTP_GSKCOREDRVR1
MT_TRTA_GSKADaMADLBMDE1,TRTA,Computation,Refer to the referenced rules for a description,,,,,RULE_TRTA_GSKCOREDRVR1
MT_APHASE_GSKADaMADLBMDE1,APHASE,Computation,Refer to the referenced rules for a description,,,,,RULE_APHASE_GSKCOREDRVR1
MT_R2ANRLO_GSKADaMADLBMDE1,R2ANRLO,Computation,Refer to the referenced rules for a description,,,,,RULE_R2ANRLO_GSKCORE-RXDRVR1
MT_R2ANRHI_GSKADaMADLBMDE1,R2ANRHI,Computation,Refer to the referenced rules for a description,,,,,RULE_R2ANRHI_GSKCORE-RXDRVR1
MT_APERIOD_GSKADaMADLBMDE1,APERIOD,Computation,Refer to the referenced rules for a description,,,,,RULE_APERIOD_GSKCOREDRVR1
MT_APERADY_GSKADaMADLBMDE1,APERADY,Computation,Refer to the referenced rules for a description,,,,,RULE_APERADY_GSKCOREDRVR1
MT_ADT_GSKADaMADLBMDE1,ADT,Computation,Refer to the referenced rules for a description,,,,,RULE_ADT_GSKCOREDRVR1
MT_ATM_GSKADaMADLBMDE1,ATM,Computation,Refer to the referenced rules for a description,,,,,RULE_ATM_GSKCOREDRVR1
MT_ADTM_GSKADaMADLBMDE1,ADTM,Computation,Refer to the referenced rules for a description,,,,,RULE_ADTM_GSKCOREDRVR1
MT_ADY_GSKADaMADLBMDE1,ADY,Computation,Refer to the referenced rules for a description,,,,,RULE_ADY_GSKCOREDRVR1
MT_CHG_GSKADaMADLBMDE1,CHG,Computation,Refer to the referenced rules for a description,,,,,RULE_CHG_GSKCOREDRVR1
MT_PCHG_GSKADaMADLBMDE1,PCHG,Computation,Refer to the referenced rules for a description,,,,,RULE_PCHG_GSKCOREDRVR1
MT_ASEQ_GSKADaMADLBMDE1,ASEQ,Computation,Refer to the referenced rules for a description,,,,,RULE_ASEQ_GSKCOREDRVR1
MT_ASPER_GSKADaMADLBMDE1,ASPER,Computation,Refer to the referenced rules for a description,,,,,RULE_ASPER_GSKCOREDRVR1
MT_SHIFT1_GSKADaMADLBMDE1,ADLB_SHIFT1,Computation,Refer to the referenced rules for a description,,,,,RULE_ADLB_SHIFT1_GSKCORE-RXDRVR1
MT_SHIFT2_GSKADaMADLBMDE1,ADLB_SHIFT2,Computation,Refer to the referenced rules for a description,,,,,RULE_ADLB_SHIFT2_GSKCORE-RXDRVR1
MT_SHIFT4_GSKADaMADLBMDE1,ADLB_SHIFT4,Computation,Refer to the referenced rules for a description,,,,,RULE_ADLB_SHIFT4_GSKCORE-RXDRVR1
MT_SHIFT5_GSKADaMADLBMDE1,ADLB_SHIFT5,Computation,Refer to the referenced rules for a description,,,,,RULE_ADLB_SHIFT5_GSKCORE-RXDRVR1
MT_SHIFT3_GSKADaMADLBMDE1,ADLB_SHIFT3,Computation,Refer to the referenced rules for a description,,,,,RULE_ADLB_SHIFT3_GSKCORE-RXDRVR1
MT_ATOXGRN_GSKADaMADLBMDE1,ADLB_ATOXGRN,Computation,Refer to the referenced rules for a description,,,,,RULE_ADLB_ATOXGRN_GSKCOREDRVR1
MT_ANL61FL_GSKADaMADLBMDE1,ADLB_ANL61FL,Computation,Refer to the referenced rules for a description,,,,,RULE_ADLB_ANL61FL_GSKCORE-RXDRVR1
MT_ANL62FL_GSKADaMADLBMDE1,ADLB_ANL62FL,Computation,Refer to the referenced rules for a description,,,,,RULE_ADLB_ANL62FL_GSKCORE-RXDRVR1
MT_ANL63FL_GSKADaMADLBMDE1,ADLB_ANL63FL,Computation,Refer to the referenced rules for a description,,,,,RULE_ADLB_ANL63FL_GSKCORE-RXDRVR1
MT_ANL81FL_GSKADaMADLBMDE1,ADLB_ANL81FL,Computation,Refer to the referenced rules for a description,,,,,RULE_ADLB_ANL81FL_GSKCORE-RXDRVR1
MT_A1INDCD_GSKADaMADLBMDE1,A1INDCD,Computation,Refer to the referenced rules for a description,,,,,RULE_A1INDCD_GSKCOREDRVR1
MT_CHGCA1CD_GSKADaMADLBMDE1,CHGCA1CD,Computation,Refer to the referenced rules for a description,,,,,RULE_CHGCA1CD_GSKCOREDRVR1
MT_ATOXGR_GSKADaMADLBMDE1,ADLB_ATOXGR,Computation,Refer to the referenced rules for a description,,,,,RULE_ADLB_ATOXGR_GSKCOREDRVR1
MT_AAGE9U_GSKADaMADAEMDE1,ADAE_AAGE9U,Computation,Refer to the referenced rules for a description,,,,,RULE_ADAE_AAGE9U_GSKCOREDRVR1
MT_TRTP_GSKADaMADAEMDE1,TRTP,Computation,Refer to the referenced rules for a description,,,,,RULE_TRTP_GSKCOREDRVR1
MT_AESITE_GSKADaMADAEMDE1,ADAE_AESITE,Computation,Refer to the referenced rules for a description,,,,,RULE_ADAE_AESITE_GSKCOREDRVR1
MT_ASITE_GSKADaMADAEMDE1,ADAE_ASITE,Computation,Refer to the referenced rules for a description,,,,,RULE_ADAE_ASITE_GSKCOREDRVR1
MT_AEPCIND_GSKADaMADAEMDE1,ADAE_AEPCIND,Computation,Refer to the referenced rules for a description,,,,,RULE_ADAE_AEPCIND_GSKCOREDRVR1
MT_AERDGCD_GSKADaMADAEMDE1,ADAE_AERDGCD,Computation,Refer to the referenced rules for a description,,,,,RULE_ADAE_AERDGCD_GSKCOREDRVR1
MT_AEPST30M_GSKADaMADAEMDE1,ADAE_AEPST30M,Computation,Refer to the referenced rules for a description,,,,,RULE_ADAE_AEPST30M_GSKCOREDRVR1
MT_AEPIMD_GSKADaMADAEMDE1,ADAE_AEPIMD,Computation,Refer to the referenced rules for a description,,,,,RULE_ADAE_AEPIMD_GSKCOREDRVR1
MT_AESI_GSKADaMADAEMDE1,ADAE_AESI,Computation,Refer to the referenced rules for a description,,,,,RULE_ADAE_AESI_GSKCOREDRVR1
MT_AEMEDTYP_GSKADaMADAEMDE1,ADAE_AEMEDTYP,Computation,Refer to the referenced rules for a description,,,,,RULE_ADAE_AEMEDTYP_GSKCOREDRVR1
MT_AAEACNOT_GSKADaMADAEMDE1,ADAE_AAEACNOT,Computation,Refer to the referenced rules for a description,,,,,RULE_ADAE_AAEACNOT_GSKCOREDRVR1
MT_ASPDOSE_GSKADaMADAEMDE1,ADAE_ASPDOSE,Computation,Refer to the referenced rules for a description,,,,,RULE_ADAE_ASPDOSE_GSKCOREDRVR1
MT_AAEACN_GSKADaMADAEMDE1,ADAE_AAEACN,Computation,Refer to the referenced rules for a description,,,,,RULE_ADAE_AAEACN_GSKCOREDRVR1
MT_AECREAS_GSKADaMADAEMDE1,ADAE_AECREAS,Computation,Refer to the referenced rules for a description,,,,,RULE_ADAE_AECREAS_GSKCOREDRVR1
MT_AECREAVS_GSKADaMADAEMDE1,ADAE_AECREAVS,Computation,Refer to the referenced rules for a description,,,,,RULE_ADAE_AECREAVS_GSKCOREDRVR1
MT_AAEACT_GSKADaMADAEMDE1,ADAE_AAEACT,Computation,Refer to the referenced rules for a description,,,,,RULE_ADAE_AAEACT_GSKCOREDRVR1
MT_APIMD_GSKADaMADAEMDE1,ADAE_APIMD,Computation,Refer to the referenced rules for a description,,,,,RULE_ADAE_APIMD_GSKCOREDRVR1
MT_APIMDSRC_GSKADaMADAEMDE1,ADAE_APIMDSRC,Computation,Refer to the referenced rules for a description,,,,,RULE_ADAE_APIMDSRC_GSKCOREDRVR1
MT_ANL01FL_GSKADaMADAEMDE1,ADAE_ANL01FL,Computation,Refer to the referenced rules for a description,,,,,RULE_ADAE_ANL01FL_GSKCOREDRVR1
MT_APHASE_GSKADaMADAEMDE1,APHASE,Computation,Refer to the referenced rules for a description,,,,,RULE_APHASE_GSKCOREDRVR1
MT_AEBODL_GSKADaMADAEMDE1,ADAE_AEBODL,Computation,Refer to the referenced rules for a description,,,,,RULE_ADAE_AEBODL_GSKCOREDRVR1
MT_ADURU_GSKADaMADAEMDE1,ADURU,Computation,Refer to the referenced rules for a description,,,,,RULE_ADURU_GSKCOREDRVR1
MT_ADURC_GSKADaMADAEMDE1,ADURC,Computation,Refer to the referenced rules for a description,,,,,RULE_ADURC_GSKCOREDRVR1
MT_AFTRTSTC_GSKADaMADAEMDE1,AFTRTSTC,Computation,Refer to the referenced rules for a description,,,,,RULE_AFTRTSTC_GSKCOREDRVR1
MT_ALTRTSTC_GSKADaMADAEMDE1,ALTRTSTC,Computation,Refer to the referenced rules for a description,,,,,RULE_ALTRTSTC_GSKCOREDRVR1
MT_APFTRSTC_GSKADaMADAEMDE1,APFTRSTC,Computation,Refer to the referenced rules for a description,,,,,RULE_APFTRSTC_GSKCOREDRVR1
MT_AAGE9_GSKADaMADAEMDE1,ADAE_AAGE,Computation,Refer to the referenced rules for a description,,,,,RULE_ADAE_AAGE_GSKCOREDRVR1
MT_APERIOD_GSKADaMADAEMDE1,APERIOD,Computation,Refer to the referenced rules for a description,,,,,RULE_APERIOD_GSKCOREDRVR1
MT_ASPER_GSKADaMADAEMDE1,ASPER,Computation,Refer to the referenced rules for a description,,,,,RULE_ASPER_GSKCOREDRVR1
MT_ASPDOSEN_GSKADaMADAEMDE1,ADAE_ASPDOSEN,Computation,Refer to the referenced rules for a description,,,,,RULE_ADAE_ASPDOSEN_GSKCOREDRVR1
MT_TPERIOD_GSKADaMADAEMDE1,TPERIOD,Computation,Refer to the referenced rules for a description,,,,,RULE_TPERIOD_GSKCOREDRVR1
MT_TPERADY_GSKADaMADAEMDE1,TPERADY,Computation,Refer to the referenced rules for a description,,,,,RULE_TPERADY_GSKCOREDRVR1
MT_TPERSTDY_GSKADaMADAEMDE1,TPERSTDY,Computation,Refer to the referenced rules for a description,,,,,RULE_TPERSTDY_GSKCOREDRVR1
MT_TPERENDY_GSKADaMADAEMDE1,TPERENDY,Computation,Refer to the referenced rules for a description,,,,,RULE_TPERENDY_GSKCOREDRVR1
MT_ASTDY_GSKADaMADAEMDE1,ASTDY,Computation,Refer to the referenced rules for a description,,,,,RULE_ASTDY_GSKCOREDRVR1
MT_AENDY_GSKADaMADAEMDE1,AENDY,Computation,Refer to the referenced rules for a description,,,,,RULE_AENDY_GSKCOREDRVR1
MT_ASEV_GSKADaMADAEMDE1,ADAE_ASEV,Computation,Refer to the referenced rules for a description,,,,,RULE_ADAE_ASEV_GSKCOREDRVR1
MT_AESEVN_GSKADaMADAEMDE1,ADAE_AESEVN,Computation,Refer to the referenced rules for a description,,,,,RULE_ADAE_AESEVN_GSKCOREDRVR1
MT_ASEVN_GSKADaMADAEMDE1,ADAE_ASEVN,Computation,Refer to the referenced rules for a description,,,,,RULE_ADAE_ASEVN_GSKCOREDRVR1
MT_TRTEMFL_GSKADaMADAEMDE1,ADAE_TRTEMFL,Computation,Refer to the referenced rules for a description,,,,,RULE_ADAE_TRTEMFL_GSKCOREDRVR1
MT_ASTTM_GSKADaMADAEMDE1,ASTTM,Computation,Refer to the referenced rules for a description,,,,,RULE_ASTTM_GSKCOREDRVR1
MT_AENTM_GSKADaMADAEMDE1,AENTM,Computation,Refer to the referenced rules for a description,,,,,RULE_AENTM_GSKCOREDRVR1
MT_ASTDTM_GSKADaMADAEMDE1,ASTDTM,Computation,Refer to the referenced rules for a description,,,,,RULE_ASTDTM_GSKCOREDRVR1
MT_AENDTM_GSKADaMADAEMDE1,AENDTM,Computation,Refer to the referenced rules for a description,,,,,RULE_AENDTM_GSKCOREDRVR1
MT_AEOUTN_GSKADaMADAEMDE1,ADAE_AEOUTN,Computation,Refer to the referenced rules for a description,,,,,RULE_ADAE_AEOUTN_GSKCOREDRVR1
MT_AENDT_GSKADaMADAEMDE1,AENDT,Computation,Refer to the referenced rules for a description,,,,,RULE_AENDT_GSKCOREDRVR1
